customer_id,name,email,country,signup_date
1001,Alice Carter,Alice.Carter@example.com,US,2024-01-05
1002,Bob Singh,bob.singh@example.com,IN,2024-01-09
1003,Chloe Martin,chloe.martin@example.com,GB,2024-01-12
1004,Daniel Tan,daniel.tan@example.com,SG,2024-01-15
1005,Eva Schmidt,eva.schmidt@example.com,DE,2024-01-20
1006,Farah Khan,farah.khan@example.com,IN,2024-02-02
1007,George Brown,george.brown@example,US,2024-02-07
1008,Hannah Lee,hannah.lee@example.com,AU,2024-02-11
1009,Ivan Petrov,ivan.petrov@example.com,DE,2024-02-18
1010,Julia Rossi,julia.rossi@example.com,GB,2024-02-25
1011,Kevin Wong,kevin.wong@example.com,CA,2024-03-01
1012,Laura Chen,laura.chen@example.com,US,2024-03-04
1013,Mohan Rao,mohan.rao@example.com,IN,2024-03-08
1014,Nina Lim,nina.lim@example.com,SG,2024-03-10
1015,Oscar Diaz,oscar.diaz@example.com,US,2024-03-15
1016,Priya Nair,priya.nair@example.com,IN,2024-03-19
1017,Quinn Taylor,quinn.taylor@example.com,AU,2024-03-22
1018,Rosa Alvarez,rosa.alvarez@example.com,CA,2024-03-27
1019,Sam Okafor,sam.okafor@example.com,GB,2024-04-01
CUST-1020,Tara Novak,tara.novak@example.com,DE,2024-04-03
