customer_id,name,email,country,signup_date,status,region
1001,Alice Carter,alice.carter@example.com,US,2024-01-05,active,NA
1002,Bob Singh,bob.singh@example.com,IN,2024-01-09,active,APAC
1003,Chloe Martin,chloe.martin@example.com,GB,2024-01-12,active,EMEA
1005,Eva Schmidt,eva.schmidt@example.com,DE,2024-01-20,inactive,EMEA
1006,Farah Khan,farah.khan@example.com,IN,2024-02-02,active,APAC
1007,George Brown,george.brown@example,US,2024-02-07,active,NA
1008,Hannah Lee,hannah.lee@example.com,AU,2024-02-11,churned,APAC
1009,Ivan Petrov,ivan.petrov@example.com,DE,2024-02-18,Active,EMEA
1010,Julia Rossi,julia.rossi@example.com,GB,2024-02-25,active,EMEA
1011,Kevin Wong,kevin.wong@example.com,CA,2024-03-01,active,NA
1012,Laura Chen,laura.chen@example.com,US,2024-03-04,active,NA
1013,Mohan Rao,mohan.rao@example.com,IN,2024-03-08,inactive,APAC
1015,Oscar Diaz,oscar.diaz@example.com,US,2024-03-15,active,NA
1016,Priya Nair,priya.nair@example.com,IN,2024-03-19,active,APAC
1017,Quinn Taylor,quinn.taylor@example.com,AU,2024-03-22,active,APAC
1012,Laura Chen,laura.chen@example.com,US,2024-03-04,active,NA
1013,Mohan Rao,mohan.rao@example.com,IN,2024-03-08,inactive,APAC
1015,Oscar Diaz,oscar.diaz@example.com,US,2024-03-15,active,NA
1016,Priya Nair,priya.nair@example.com,IN,2024-03-19,active,APAC
1017,Quinn Taylor,quinn.taylor@example.com,AU,2024-03-22,active,APAC
1018,Rosa Alvarez,rosa.alvarez@example.com,CA,2024-03-27,pending,NA
1019,Sam Okafor,sam.okafor@example.com,GB,2024-04-01,churned,EMEA
,Tara Novak,tara.novak@example.com,DE,2024-04-03,active,EMEA
